Receiver_ID,Name,City,Type,Contact
1,Donald Gomez,Port Carlburgh,Shelter,"(955)922-5295"
2,Laurie Ramos,Lewisburgh,Individual,"761.042.1570"
3,Ashley Mckee,South Randalltown,NGO,"691-023-0094x856"
4,Erika Rose,South Shaneville,NGO,"8296491111"
5,John Romero,Bakerport,Individual,"067.491.0154"
6,Mandy Sutton PhD,East Sharimouth,Shelter,"682-777-5357"
7,Kenneth Baker,South Edwinborough,NGO,"126-645-6386x4071"
8,James Perez,Benjaminburgh,Charity,"+1-986-748-6688"
9,Emily Turner,West Robert,Shelter,"001-631-022-6157x520"
10,Mary Salazar,Wrightland,NGO,"001-187-333-7518x11395"
11,Amber Pacheco,South Gregorymouth,Individual,"+1-155-960-7276"
12,Jennifer Bishop,Katherineside,NGO,"+1-801-363-6355x49805"
13,Jamie Sutton,Lake Matthewstad,Shelter,"001-176-847-8920x2687"
14,Brian Fischer,Burkeside,Shelter,"947-041-3246x326"
15,Donald Kelly,Port Ronald,NGO,"(935)798-5303"
16,Elizabeth Lewis,Port Tara,NGO,"500.386.3867x7565"
17,Melissa Castillo,Silvaport,NGO,"(699)232-9544"
18,Lisa Williams,Moranhaven,NGO,"360-505-5780x95688"
19,Courtney Sanders,North Cynthiaberg,NGO,"001-083-754-0501"
20,George Palmer,Sandrahaven,NGO,"744.838.6083"
21,Emily Davidson,Jonesside,NGO,"001-893-473-0769x51510"
22,Kristina Meza,Lake Nicole,Shelter,"+1-125-160-0319"
23,Kurt Ward,Aliciabury,Individual,"479-035-9976x19919"
24,Tammy Moore,Monicafort,Individual,"721.105.5278"
25,Lisa Mcclain,Lake Elizabeth,NGO,"292-153-9082x59361"
26,Kimberly Lindsey,Port Matthewmouth,Charity,"+1-979-511-1434x565"
27,Johnny Page,Susanfurt,NGO,"251.922.2940"
28,Mary Franklin,Courtneyfurt,Individual,"001-046-188-9986x12178"
29,Nicholas Robinson,Lake Kendra,NGO,"930-104-8973x8326"
30,Bruce Sanchez,North Heather,Shelter,"598.459.1819x6171"
31,Rose Powell,Spencermouth,NGO,"247-152-7297x648"
32,Audrey Perez,Taylorfort,Individual,"637-025-7736"
33,Anita Kerr,Walshfort,NGO,"(568)992-9509"
34,Megan Alvarez,North Robert,Individual,"6244329386"
35,James Castaneda,South Rachaelhaven,Shelter,"932-277-2945x55052"
36,Teresa Davis,Olsonville,Charity,"001-737-507-3051x34768"
37,Angel Adams,West Erik,Shelter,"+1-785-849-9596x994"
38,Alexander Mullins,Josephview,Charity,"(248)481-7680"
39,John Ramirez,Moorechester,Shelter,"(859)701-8773"
40,Abigail Davis,West Carrie,Individual,"(307)825-3197"
41,Julia Elliott,Port Kellyburgh,Shelter,"+1-613-882-6551x33036"
42,Maria Jacobs,Port Dawntown,NGO,"(225)019-8954"
43,Bobby Perry,Amberfort,Charity,"(020)628-9733x57055"
44,Andrew Lawson,Davisborough,Shelter,"622.566.7870"
45,Derek Potter,South Laurachester,Charity,"497-372-7517x026"
46,Kevin Lee,East Teresahaven,Charity,"354.253.8089"
47,Taylor Dean,Moorechester,Shelter,"297-100-5658"
48,Jennifer Graham,East Saraport,Individual,"001-979-746-0394x487"
49,Gabriel Nicholson,South Tonyaborough,Charity,"030-052-3339x1285"
50,Brian Gonzales,North Sarah,NGO,"001-241-438-2803x907"
51,Timothy Clark,Port Johnchester,Charity,"217-662-1143x941"
52,Cheryl Dillon,Hornemouth,NGO,"350.146.1578"
53,Cassandra Owens,Tomburgh,Shelter,"001-813-193-7735x105"
54,Veronica Howard,Higginsmouth,NGO,"(517)632-2362x07333"
55,Erika Rodriguez,Larastad,Shelter,"001-732-132-0041x81457"
56,Deborah Smith,Jasonshire,Individual,"996.039.4276x36961"
57,Christopher Lozano,New Mary,Individual,"217-827-0862"
58,Julia Madden,Michaelton,Shelter,"(321)207-8844"
59,Alicia Thomas,Lake Mary,Charity,"(604)320-0347x3019"
60,Jessica Rivas,Phillipborough,NGO,"351-783-1595x022"
61,John Vazquez,South Kathleenbury,Charity,"(237)065-6422x5123"
62,Nichole Lewis,North Catherinefurt,NGO,"777-445-5269x5255"
63,David Turner,East William,Charity,"4456052297"
64,Debra Sheppard,North Darinshire,Shelter,"001-726-678-1689"
65,Cody Gardner,Port Belinda,NGO,"(565)395-0421x232"
66,Jade Jackson,West Jaclyn,Individual,"098-158-2253x172"
67,Rodney Walker,Strongshire,Shelter,"001-833-385-7777x5891"
68,Wesley Thompson,Edwardburgh,Charity,"+1-901-255-2891x97537"
69,Scott Brown,East Dylan,NGO,"302-197-9398x95559"
70,Carolyn Whitaker,Gregoryville,Individual,"6651783261"
71,Timothy Daniel,New Gloriaburgh,Charity,"001-562-181-9662x9861"
72,Charles Davidson,West Angelatown,Shelter,"+1-294-698-2957"
73,Kimberly Mills,Christineton,NGO,"288-821-5439"
74,Patricia Smith,Laurafurt,NGO,"(220)453-5600"
75,Nicholas Smith,Manningtown,Charity,"+1-605-970-1115"
76,Anna Lopez,North Jenniferside,Individual,"001-805-624-5306"
77,Juan Spencer,North David,Individual,"+1-144-242-7963x89583"
78,Aaron Davis,Marshallton,Shelter,"231.082.0755"
79,Meagan Ramirez,Angelaville,Charity,"001-671-666-7691x55556"
80,Eric Jackson,Knightburgh,Individual,"7326023388"
81,Theresa Ramirez,Port Gregoryport,NGO,"+1-582-895-7478x325"
82,Laura Bennett,Evansside,NGO,"(379)719-1693x40160"
83,Julie Hines,Davidview,NGO,"143-601-6545x48405"
84,Deanna Lewis,East Kelli,NGO,"0938550061"
85,Jeffery Mueller,Lake John,Charity,"3024932900"
86,Jessica Grant,Smithshire,Charity,"601.132.1809x716"
87,Tammy Walker MD,West Ronaldland,Charity,"(982)044-7177"
88,Eric Ryan DDS,Lake Daniel,NGO,"001-677-794-6847x02126"
89,Mr. David Lambert,Robinsonside,Individual,"(929)841-1999"
90,Alvin West,Kellybury,Shelter,"(417)314-8724"
91,Ashley James,Garrettborough,Charity,"192-784-7581x225"
92,Bridget Peterson,Greenton,NGO,"(509)037-6331x927"
93,Allison Bray,Alexatown,Individual,"001-122-277-3588"
94,Timothy Patel DVM,New Jessica,Charity,"+1-046-832-9667x841"
95,Anthony Green,Laurafort,NGO,"001-706-024-9230x5313"
96,Michael Walls,Carterside,Individual,"650-930-7741"
97,Nathan May,South Veronicaburgh,Charity,"(808)784-9354"
98,Brian Cowan,Henryhaven,Individual,"(234)142-1265x21005"
99,Nancy Silva,Russellville,Individual,"929.221.3591x105"
100,Melissa Little,Robertaborough,NGO,"(250)263-7746x235"
101,Nicole Reid,Hollytown,Shelter,"808.564.6895"
102,Daniel Burton,North Matthewhaven,Individual,"972.284.4190x487"
103,Karen Cruz,West Justin,Individual,"(500)583-5978"
104,Victor Reyes,North Joshuafort,Charity,"+1-411-230-8872x5335"
105,Trevor Wilson,North Pamela,NGO,"001-651-719-1403x4050"
106,David Johnson,Lake Rebecca,Individual,"035-019-0294"
107,Jessica Morris,Port Elizabethton,NGO,"(137)776-1761"
108,Suzanne Dawson,East Josephstad,NGO,"+1-682-159-2143x3841"
109,Rachel Nguyen,Theresamouth,NGO,"(040)545-2043"
110,Karla Castillo,Lake Michaelton,NGO,"192-811-2685x97518"
111,Deanna Flores,West Johnny,NGO,"6692949581"
112,Brady Lopez,Michaeltown,Individual,"831.275.5906x807"
113,Jonathan Young,Georgeborough,Shelter,"164-864-1786x77029"
114,John Chase,Meganton,NGO,"530.424.6470x4854"
115,Anthony Carter,Scottmouth,Shelter,"(499)726-7360"
116,Mark Lee,Port Teresa,Individual,"001-983-757-6830x086"
117,Kelly Pierce,East Heatherborough,Shelter,"517.232.1717"
118,Matthew Tran,South Franciscoport,Charity,"583.144.1560x457"
119,Jasmine Robertson,Deanview,Individual,"001-388-078-6769x4237"
120,Matthew Ramos,Kennethberg,Shelter,"(503)563-9703x9449"
121,Gavin Freeman,Ayalamouth,NGO,"7826814168"
122,Drew Cline,Port Patriciachester,NGO,"517-828-7715"
123,Teresa Williams,South Alexandraport,Charity,"(673)228-8829x64732"
124,Marie Andrade,Meghanfort,Charity,"314-096-2823"
125,Tammy Smith,Campbellchester,Individual,"001-668-537-1925x410"
126,Heather Brown,North Lori,NGO,"(836)116-1365x8718"
127,Hayden Hill,North Roger,NGO,"1431125754"
128,Sarah Carter,New Benjamin,Charity,"001-513-018-5852"
129,Denise Martinez,Drakeburgh,Charity,"(463)887-8557x617"
130,Matthew Hughes,Marieview,Charity,"468-431-4471"
131,Shawn Mills,Jeffhaven,Charity,"+1-951-192-1790"
132,Katherine Gomez,South Jasonberg,Charity,"(609)802-2108x3673"
133,Robert Johnson,West James,NGO,"301-749-5770"
134,Emily Christian,Marcusberg,Individual,"(724)629-2189x533"
135,Jeanne Spencer,Huntermouth,Shelter,"987-474-6001x775"
136,Katherine Murphy,New Elaine,NGO,"0675064790"
137,James Jones,Bakerfort,NGO,"1224216342"
138,Christina Potter,Phillipsbury,NGO,"+1-366-144-4542x657"
139,Charles Martin,New Christopher,NGO,"(586)009-0817x964"
140,Kristin Scott,North Christina,Shelter,"598.905.9117"
141,Christine Gray,Dawnview,Individual,"001-466-538-0401"
142,Melody Good,Wilsonfort,NGO,"8802732716"
143,Amanda Hendricks,Nancyshire,Shelter,"009.494.1313"
144,Jennifer Nelson,North Paul,Individual,"(613)802-7241x644"
145,David Hull,Tanyachester,Shelter,"139.804.6633"
146,John Cummings,Joshuamouth,Individual,"1344646051"
147,Sara Wise,New Shannonbury,NGO,"086-773-6881x8590"
148,Robert Simon,North Amandafort,NGO,"(172)646-7107x977"
149,Nathan Willis,Danielfort,NGO,"830.318.9696x322"
150,Kelly Howe,Davidmouth,Charity,"096.059.3098x621"
151,Lisa Eaton,New Aimeemouth,Shelter,"342.869.6733"
152,Jasmine Miranda,Caseyland,Individual,"913.509.4800x3395"
153,Jason Holmes,Williamtown,Individual,"+1-865-533-0612x9768"
154,Thomas Johnson,Lake Victoriaport,Shelter,"6267945876"
155,Christopher Kennedy,Patriciaton,Shelter,"509-179-8044"
156,Corey Mitchell,Jacobsmouth,Charity,"001-392-115-8557x9367"
157,Jason Davis,Charleston,Individual,"523-114-6883"
158,Gregory Murphy,South Ashley,Individual,"(090)319-2480"
159,Angela Cortez,Lisaton,NGO,"+1-685-216-4851x71780"
160,Tracy Hartman,South Jill,Charity,"+1-947-203-9101"
161,Mary Nguyen,Mcclurestad,Charity,"+1-453-182-2743x789"
162,Douglas Baxter,Amandaville,Individual,"+1-139-598-2308x18363"
163,Jennifer Anderson,Daleshire,Charity,"+1-073-375-4139"
164,Aaron Scott,Heatherfurt,Charity,"(075)863-3168x28937"
165,Danielle Bailey,East Sarahtown,Shelter,"(326)806-0927x09574"
166,Danielle Willis,Ginamouth,Charity,"870.458.3747x34840"
167,Erica Fox,West Shawn,Charity,"001-029-918-8786x2118"
168,Kayla Johnson,East Timhaven,Shelter,"786.534.5065"
169,Jon Stanton,Nguyenfurt,Charity,"467-723-2786x8881"
170,Adam Browning,Port Erica,Charity,"196.596.9067"
171,Suzanne Velasquez,Joanchester,NGO,"(305)672-4633x961"
172,Nicole Brown,Thomaston,Charity,"216-121-6760"
173,Jason Moore,West Courtneyport,NGO,"913.468.5154x18139"
174,Matthew Johnson,Smithstad,Individual,"285.859.0597"
175,Stephanie Hoffman,New Tiffany,Individual,"(972)598-5363x199"
176,Brendan Farley,Nicoleport,NGO,"376.330.3007"
177,Tonya Lucas,Robertsonchester,NGO,"+1-913-542-6523x9521"
178,Deanna Jarvis,Port Emilymouth,Shelter,"(799)565-8611"
179,Adam Hodge,West Krystalview,Charity,"+1-163-751-5462x947"
180,Michelle Cook,Peterhaven,Shelter,"(412)902-4858"
181,Paul Evans,Smithshire,NGO,"3222400397"
182,Troy Miller,Seanside,Charity,"8901485867"
183,Nicole Walker,Thomasland,Individual,"001-617-475-6913x02561"
184,Matthew Sanchez,Port Melissa,Individual,"001-715-920-1622x23981"
185,Shannon Pineda,Lake Amanda,Individual,"129-249-0893x786"
186,John Massey,Heathertown,Shelter,"4995907798"
187,Amy Thomas,Lake Erica,Shelter,"+1-215-295-0597x4795"
188,Tina Ingram,Angelicatown,Charity,"+1-967-134-3646x12054"
189,Stephen Smith,Maxberg,Individual,"(690)326-1349x605"
190,Maria Jackson,North Shelby,Charity,"016.041.6963x060"
191,Brent Anderson,New Seanburgh,Shelter,"2254787600"
192,Rhonda King,Toddborough,Individual,"367-958-5492"
193,Jesse Brown,Figueroaport,Charity,"001-481-425-0706x82893"
194,Alan Campbell,Shawmouth,NGO,"(942)807-0793x71978"
195,John Martin,New Jason,Charity,"581-174-6644x358"
196,Tara Bauer,Port Dustin,Charity,"(709)935-2878"
197,Deanna James,East Tinamouth,Shelter,"839-100-6940x3681"
198,Scott Anderson,East Teresamouth,Individual,"733.296.8887"
199,Ashley Rivers,East Sharon,Individual,"+1-988-051-2193x6577"
200,Nicole Williams,East Jillian,NGO,"+1-785-780-7784x633"
201,Calvin Lucas,Corybury,Individual,"4177309502"
202,Veronica Coleman,North Mario,NGO,"(096)512-5528x76619"
203,Vincent Matthews,Allenmouth,Shelter,"0335998576"
204,Rachel Thomas,North Lindachester,Individual,"(417)873-5848x16786"
205,Kimberly Wilkins,West Casey,Charity,"3783162949"
206,Ashley Brooks,Ramseystad,Individual,"428.820.9314"
207,Nicholas Holloway,South Kendraville,Shelter,"719-821-9201"
208,Michael Flores,Andrewmouth,Charity,"+1-972-682-8043x628"
209,Gina Payne,Steveberg,Individual,"(960)884-6634x1029"
210,Tara Mcmahon,South Anna,NGO,"283-528-8473"
211,Judy Griffith,Baileyville,Charity,"+1-255-391-6382x12809"
212,Ronald Gonzalez,Stevenmouth,Shelter,"+1-946-378-3210x0415"
213,Kelly Barber,Emilymouth,NGO,"259-420-4088x04690"
214,Corey Rodriguez,New Roseville,NGO,"+1-866-544-7425x907"
215,Mr. Matthew Johnson DDS,Port Stephen,Charity,"1733110659"
216,Morgan Massey,West Amybury,Charity,"929-286-6902"
217,Kelsey Holloway DDS,Ashleyborough,Charity,"(300)705-1978x78749"
218,Corey Lamb,New Daniel,Charity,"882-893-9920"
219,Alex Rogers,Lake Austinmouth,Charity,"+1-017-613-1019"
220,Cassandra Mendoza,Dantown,NGO,"2612673922"
221,Rebecca Goodman,Robinsonland,Shelter,"(392)221-8538x523"
222,Stephanie Jones,West Aaronport,Shelter,"001-029-940-1111"
223,David Henderson,Hallside,Charity,"(976)946-9613"
224,Franklin Kelley,East Jacob,Charity,"2077678809"
225,Joseph Bowman,West Jessica,NGO,"001-363-434-2847x24463"
226,Daniel Kerr,Fergusonton,Charity,"(548)955-9384x8406"
227,Samuel Hodge,Port Maria,NGO,"302-463-7516"
228,Joanna Wilkins,Singletonview,Charity,"(796)888-1488"
229,Tina Watkins,Bushview,Shelter,"7774795306"
230,Nathaniel Moreno,Poolestad,NGO,"(816)818-9063x631"
231,Christopher Barrett,Port Brianville,Charity,"+1-099-740-1254x66035"
232,David Smith,Davidshire,Charity,"106.465.7709"
233,Alicia Porter,Port Ericmouth,Charity,"001-652-614-2884x66578"
234,Keith Atkinson,Lake Julia,Charity,"686-968-4161x069"
235,Megan Freeman,Rogerburgh,NGO,"+1-510-274-6183x0559"
236,Duane Burnett,New Derek,Charity,"001-590-114-4533x323"
237,Cathy Adams,West Josephshire,Shelter,"269-061-4726"
238,Kendra Krause,Davisburgh,NGO,"(450)032-0502"
239,Lindsay Garcia,North Kimberlyport,NGO,"0722151225"
240,Ronald Miller,Edwardsside,Shelter,"0180633263"
241,Elizabeth Dunn,Wilsonfurt,Charity,"(069)221-0114"
242,Matthew Pearson,Garciaview,NGO,"6212235497"
243,Alexis Smith,West Vickie,NGO,"001-272-079-3939x93350"
244,Jason Ramos,Carolhaven,Shelter,"146.014.0992x777"
245,Rebecca Sanchez,New Craig,Shelter,"586-413-7361"
246,Kristi Wagner,Lake Darrellburgh,Shelter,"264-255-1562"
247,John Mitchell,Aaronshire,Charity,"001-095-184-7835"
248,Victoria Lee,New Abigail,Charity,"979-786-2359x15290"
249,Zachary Lewis,Lake Kelli,Charity,"0318694632"
250,Jamie Ferguson,Jenniferberg,Charity,"001-052-150-4048x243"
251,Sarah Hodges,Martinland,NGO,"001-016-163-1445"
252,Angela Dunlap,New Julian,Individual,"854.203.2129"
253,Adam Pittman,West Christiantown,NGO,"455.915.1588x8706"
254,Felicia Wilkinson,Williamsfort,Shelter,"4034230469"
255,Walter Myers,New Tina,Individual,"+1-285-278-8381x0454"
256,Derek Wilson,Christopherland,Individual,"+1-963-859-7585x002"
257,David Bryant,South Amy,Shelter,"434-290-3119x1927"
258,Scott Grant,Port Samantha,Individual,"001-691-849-8860x97955"
259,Aimee Stone,Barnesport,NGO,"104-394-7041x83013"
260,Patricia White,Lake Jessicaborough,Charity,"(434)635-4716x587"
261,Maria Lang,East Moniquemouth,NGO,"(795)261-1223x445"
262,Autumn Reed,East John,NGO,"+1-001-202-0048"
263,Ann Mcclure,West Johnmouth,Shelter,"335.776.9231"
264,Sandra Townsend DVM,West Kelly,NGO,"+1-135-886-0842x42924"
265,Rebecca May,Murrayview,Individual,"(783)144-3726"
266,Stacy Mayo,Bauerton,Shelter,"+1-364-925-2936x855"
267,Randall Robbins,Dylanton,Shelter,"+1-382-112-6000"
268,Steven Morton Jr.,Kellybury,Shelter,"(884)503-7406"
269,Mrs. Paula Jones,Emilymouth,Individual,"(935)377-2742x36543"
270,Darlene Fernandez,Monicaton,Shelter,"0792874429"
271,Mark Hartman,East Ashleyshire,Individual,"818-015-1582"
272,Walter Carter,Brianchester,Shelter,"(170)734-4123x02001"
273,Jonathan Soto,Autumnbury,Charity,"247-993-8111x9057"
274,Robin Ross,East Williamborough,Individual,"(780)754-0093"
275,Michael Johnson,Longmouth,Individual,"081.042.8712"
276,Scott Hunter,Greenton,Individual,"074.305.5053x60975"
277,Austin Jones,Brandonside,Charity,"(601)474-8397x472"
278,Jay Roberts,West Christopher,Shelter,"(435)815-1380x935"
279,Angela Wyatt,Port Jessica,Charity,"592.913.1646x3179"
280,Jesse Miller,Port Samanthamouth,Shelter,"142.076.4130x9854"
281,Mrs. Kristin Adams DDS,Lake Christychester,Charity,"073-764-3235"
282,Lisa Pitts,Lake Stephenport,Shelter,"001-709-342-3522"
283,Edward Cook,Isaiahtown,Charity,"990-534-5202x158"
284,Beth Sanchez,Dustinfurt,NGO,"896.737.8178x2821"
285,Derrick Curtis,Stephaniechester,NGO,"140-095-1639x5596"
286,Travis Hughes,Castilloland,Shelter,"(905)976-6704x97813"
287,Jennifer Johnson,Burnettton,Charity,"7970971389"
288,Christopher Larsen,Susanview,NGO,"146-422-6270"
289,Nathan Reynolds,Lake Tina,Shelter,"0295226591"
290,Karen Brennan,Hannahside,Shelter,"6935324960"
291,Dawn Thompson,North Josephland,Charity,"141.973.6585"
292,Mrs. Emily Smith DVM,Shermantown,NGO,"(348)542-4932x868"
293,Randy Roach,East Bryan,Charity,"888-534-4534"
294,Cynthia Horton,Jamesstad,NGO,"535.576.5970x774"
295,Joseph Williams,East Dale,Individual,"001-112-513-9413"
296,Pamela Santos,Lake Michael,Shelter,"865.186.5350x045"
297,Deanna Daniels,Aguilarstad,Individual,"001-436-929-2288"
298,Robert Burke,Marksmouth,NGO,"995.297.8023x0932"
299,Michael Curtis,Alexanderbury,Shelter,"+1-523-687-8881x66849"
300,Jeanne Benjamin,North Alexander,NGO,"595.000.7971x3446"
301,Kristina Simpson,Melissaport,NGO,"3752453906"
302,Daniel Moore,Port Richard,Charity,"176-809-8232x828"
303,Joseph Davis,Millerport,NGO,"779.802.6319x67760"
304,Jennifer Ayala,Edwardshaven,NGO,"(929)015-8411x75681"
305,Brendan Vargas,Kellyville,NGO,"981.660.6741x707"
306,Donna Williams,Calebview,Charity,"083-313-0990x09518"
307,Logan Becker,North Patriciamouth,Charity,"+1-226-239-1432"
308,Robin Pena,Cynthiashire,NGO,"691-775-8145"
309,Bryan Smith,New Julia,Individual,"001-127-550-6441x5817"
310,Gary Adams,New Sara,Individual,"001-323-823-4026x61837"
311,Tina Jackson,Geraldchester,Charity,"103-002-5677"
312,Pamela Morales,Schaeferfort,NGO,"(791)624-2530x9708"
313,David Marsh,North Kimberlyfort,Shelter,"(498)526-5768x31348"
314,Kelsey Smith,Haleymouth,Shelter,"(764)989-3036x77897"
315,Anthony Harris,West Aaronberg,Individual,"811-306-2805"
316,Jacob Montoya,Meganmouth,NGO,"609.858.6366x85166"
317,Martha Flores,Lake Glenview,NGO,"568.426.0750"
318,Michael Carter,Danielborough,Charity,"+1-149-468-9647x5327"
319,Donald Bender,Andersenfort,Charity,"(262)899-6349x569"
320,Carmen Barker,North Williamview,Shelter,"001-151-284-3163"
321,Wanda Wise,South Bethanyport,Shelter,"(940)028-0493x49472"
322,Stephanie Mathews,North Ashleymouth,Shelter,"+1-852-242-7762x49312"
323,Linda Banks,New Sarahmouth,Individual,"323-540-9403x92583"
324,Kristine Martin,Thompsonhaven,NGO,"444.954.4127x16438"
325,Lawrence Owens,South Amybury,Individual,"+1-565-748-7655"
326,Douglas Jacobs,East Gina,NGO,"819-072-2490x353"
327,Aaron Keller,Melissaview,Shelter,"799.568.0302"
328,Carlos Lawrence,New Justinhaven,Individual,"272.580.3538"
329,Christine Patterson,Edwardfort,Individual,"001-270-907-0981x5520"
330,Kimberly Hamilton,North Bruce,Individual,"398-486-8232x9944"
331,Shane Stein,Reidton,Individual,"(086)799-6277x14274"
332,Raymond Harris,Hammondfort,Charity,"173.185.2783"
333,Gabriel Vargas,Chaseview,Charity,"001-343-254-2598"
334,Gina Wu DDS,Lake Melindaside,Shelter,"(484)350-0946"
335,Deborah Sexton,Victoriastad,Shelter,"899-936-4720x6569"
336,Laura Marshall,East Lisafurt,Charity,"+1-389-167-7916x81453"
337,Jennifer Schmidt,South Michelleshire,Individual,"007-561-4094x27296"
338,Patrick Zimmerman,Thomasberg,Shelter,"(913)638-9318x024"
339,Dustin Johnson,Gomezmouth,Individual,"001-171-995-2815x84366"
340,John Baxter,New William,NGO,"894-441-9136x66913"
341,Anna Buckley,Murphyfort,Individual,"421.281.9097x013"
342,Kristina Vargas,Lake Rebeccaton,Charity,"364.779.6707x066"
343,Roberto Stanley,Melindaview,Shelter,"(273)299-4177x0763"
344,Barbara Velasquez,Priceborough,Charity,"(669)247-4183"
345,Eric Ramos,Rushfurt,Individual,"515.928.1587x32812"
346,Mr. Mark Knight DVM,East Joseph,Charity,"757-796-7872x2411"
347,Michael Keller,New Derek,Individual,"(000)572-1246x444"
348,Donna Hughes,Maryfort,Individual,"352-520-3779x375"
349,Gwendolyn Johnson,West James,Individual,"649.714.9926"
350,Sylvia Stanley,Jenniferbury,Shelter,"065-230-0281"
351,Kerry Jones,New Christopher,Charity,"725-779-5651"
352,Cody Martin,Angelamouth,Individual,"(239)678-6580x09652"
353,Mrs. Stacey Morales MD,Juliastad,Individual,"866.050.9817"
354,Kimberly Nelson,Lake Lesliemouth,Charity,"(009)475-3945"
355,Brian Hoffman,Lake Dillonborough,Shelter,"(718)753-5421x7242"
356,Brian Cherry,Swansonport,Charity,"+1-673-372-2010"
357,Jacob Orozco,West Jeffrey,Individual,"787-834-8225"
358,Brian Davis,Williamsfort,Charity,"(750)646-5852"
359,Travis Walker,West Dan,NGO,"(843)905-0785"
360,Tammy Boone,New Christopher,Shelter,"301.713.7646x501"
361,Samuel Lewis,North Nicole,Individual,"001-381-807-5033x358"
362,Elizabeth Collins,Johnland,Shelter,"(601)532-8275x383"
363,Stephanie West,North Jamesfurt,Charity,"001-794-254-5542"
364,Keith Gray,New Corey,Charity,"001-297-087-3713x91812"
365,Melissa Green,South John,Shelter,"621.698.0426x1205"
366,Tony Holmes,Jaredport,NGO,"623.131.4040x0485"
367,Ricardo Roberts,West Matthewborough,Individual,"(371)857-1738x24461"
368,Debra Murray,Duncanchester,NGO,"566-832-5437"
369,Sherry Hall,Davidmouth,NGO,"256-166-3623x2267"
370,Tara Johns,Paulmouth,Individual,"374.171.5991x58449"
371,William Frederick,Port Dean,NGO,"001-228-551-9866"
372,Harold Bowen,South Barbaraburgh,Charity,"732.692.1653x04238"
373,Seth Esparza,Port Brandonberg,Shelter,"2597616873"
374,Ricky Walker,Port Johnstad,Individual,"001-066-700-7862x511"
375,Melissa Smith,Lake Stevenburgh,Shelter,"+1-616-230-5539"
376,John Reeves,Jamieview,NGO,"+1-050-306-9244x20943"
377,Patrick Campbell,Leeton,NGO,"7058064686"
378,Brandi Buckley,Lawrencechester,Shelter,"518-742-2945x12087"
379,Tara Graham,Lake Cory,Shelter,"617.869.7697"
380,Heather Silva,Lake Ryan,Charity,"1340826530"
381,Yvette Huffman,Reevestown,Charity,"8398518386"
382,Patricia Stevens,Perezport,Shelter,"001-628-479-0049x980"
383,Melissa Kennedy,West Tina,Individual,"(129)335-4916x24644"
384,Anthony Guerra,North Michelle,Charity,"102.222.7070x5313"
385,William Barnes,Kellyfurt,Shelter,"(257)241-0749x262"
386,Mary Hopkins,Tiffanyport,Individual,"001-476-350-8465x7500"
387,Michael Proctor,Lisafurt,Charity,"(119)549-4969"
388,Nicole Mueller,Rachelberg,Charity,"241-269-1178"
389,Kelly Buchanan,Lake Jonathanchester,Charity,"106-927-5178x0789"
390,Victor Crawford,New Brandonton,NGO,"+1-389-087-5252x62752"
391,Regina Munoz,Lake Clinton,NGO,"585.955.3149"
392,Tracy Douglas,Gordonstad,NGO,"+1-084-522-8932x8580"
393,Dana Simmons,West Jorge,Shelter,"005-720-2323x75794"
394,Kyle Kerr,Sarahville,Charity,"(065)853-7158x4157"
395,Joseph Davis,Sherryhaven,Charity,"426-870-2757x6102"
396,Allison Martinez,New Amy,NGO,"(945)511-1142x655"
397,Mr. Robert Rivera II,Bergerport,Individual,"+1-470-154-5478x4289"
398,Alex White,Port Carmen,Charity,"(226)363-8449"
399,Jennifer Hughes,West Donnaton,Charity,"001-147-430-1204x8556"
400,John Byrd,West Randall,Shelter,"(219)313-6702x212"
401,Leslie Acevedo,Lake Matthew,Charity,"(028)737-3556x89803"
402,Nicholas Mosley MD,North Manuel,Individual,"+1-759-332-7128"
403,John Collins,New Deborahville,Shelter,"001-237-766-3335"
404,Marissa Fischer,New Kevin,Shelter,"(454)463-8142x8597"
405,David Evans,Chambersmouth,Shelter,"(316)221-9715"
406,Ashley Martinez,Lake Crystal,NGO,"151-521-2736"
407,Arthur Thomas,Clarkhaven,Charity,"001-797-615-8560x7849"
408,Jennifer Mccoy,Morganville,Individual,"(430)171-1148x1808"
409,Matthew Simmons PhD,Brandonhaven,Shelter,"001-040-668-4559x58950"
410,Betty Reid,North Abigail,Charity,"001-526-626-7117x20926"
411,Eric Kaiser,West Mikayla,Shelter,"001-493-969-0455x844"
412,David Carney,Port Dianemouth,NGO,"001-710-732-1565x428"
413,Dennis Schultz,New Natalieland,NGO,"(348)049-0216"
414,Dr. Matthew Hughes DDS,Christopherchester,NGO,"+1-126-714-2290x91321"
415,Kevin Blair,Lake Laurenburgh,Individual,"(887)033-5757x4595"
416,Ernest Cox,Christinaland,Shelter,"(061)462-4166"
417,Justin Santos,Rayfurt,NGO,"953.221.6291x3146"
418,Miss Mary Turner,North Holly,Charity,"899-330-2450"
419,Teresa Jackson,Port Thomasstad,Shelter,"001-620-115-6715x07034"
420,Susan Green,Josephborough,Charity,"+1-716-778-7428x09975"
421,Jonathan Copeland,Jonathanview,Shelter,"836.048.1897x257"
422,Tina Bean,South Tyler,Charity,"001-877-090-0264x425"
423,Christine Bell,South Edwardburgh,Individual,"(172)033-3196x74489"
424,Pamela Harris,Lewisfort,Charity,"320-562-3060"
425,Robert Chavez,Chadport,NGO,"(886)049-9104x019"
426,Jose Rivas,Rosaleschester,Shelter,"001-411-455-9848x386"
427,Toni Johnson,Lake Steven,NGO,"(045)229-8601"
428,Elizabeth Galvan,Lake Karen,NGO,"+1-896-018-1230"
429,Daniel Williams,Russellburgh,Shelter,"2886093038"
430,April Johnson,Pagemouth,NGO,"(540)486-0312"
431,Mr. Gregory Thompson,East Douglas,Charity,"725.348.5813x15130"
432,Julie Brown,East Melissaport,NGO,"(544)200-6673x39918"
433,Michael Dunn,Lake Kyleside,Individual,"001-263-994-2712"
434,Jason Alvarez,South Connorview,NGO,"(107)164-5994"
435,Whitney Evans,Martinezside,Shelter,"001-355-911-9659"
436,Jacqueline Turner,Robertsport,NGO,"937.841.8251"
437,Lindsey Lewis,West Rogerview,Shelter,"001-610-209-8312"
438,Jane Davis,Lake Joshuaville,Individual,"001-480-554-8487x778"
439,Erika Lopez,North Margarethaven,Shelter,"117.027.1702"
440,Alexander Walsh,Troyshire,Individual,"001-443-638-7858x7009"
441,Cynthia Johnson,West Cherylland,Charity,"716.098.0270x507"
442,Natasha Harper,Port Sara,NGO,"(474)763-3272x81635"
443,Brittany Anderson,Port Michaelmouth,Individual,"610-921-4134x12104"
444,Michael Simmons,Coreymouth,Individual,"427-237-3480x5364"
445,Christopher Williams,North Kathryn,NGO,"(304)550-4023x26262"
446,Eric Mays,Port Deborahbury,NGO,"555-698-7496x465"
447,Erika West,Mikemouth,Individual,"409.663.4270x89860"
448,Nicholas Harrison,New Timothymouth,Shelter,"0155752106"
449,Mrs. Valerie Hartman,Port Jenniferborough,NGO,"1271218776"
450,Russell Smith,New Rebecca,Charity,"+1-581-575-6141x390"
451,Marcus Gregory,Hollyside,Shelter,"(452)490-4054x2105"
452,Tina Banks,Port Judith,Charity,"986-535-7620"
453,Kristen Alvarado,Davidport,NGO,"001-965-776-9092x06414"
454,Steven Griffin,Cruzborough,NGO,"511.595.0189"
455,Jennifer Kennedy,Port Deborah,Individual,"9581893095"
456,Rodney Perkins,Lake Christina,Charity,"2914238876"
457,Ryan Cole,Sandratown,Charity,"001-477-548-6956x3901"
458,Michael Vargas,East Andrewhaven,Charity,"(932)466-1933x7047"
459,Brandon Riley,Powerston,NGO,"742-364-6134"
460,Karen Stafford,West Justinberg,Shelter,"(040)774-3704"
461,Tonya Lewis,Edwardport,NGO,"9693197491"
462,Timothy Martin,Lake Adriennechester,Charity,"0686804383"
463,Frank Jackson,North Jeffreychester,Charity,"441.504.6385x08595"
464,Richard Parsons,Bushbury,Shelter,"+1-781-993-1106x42127"
465,Makayla Davis,Chrisport,Shelter,"282.929.9573"
466,Christine Ashley,South William,Individual,"(067)618-4352x8380"
467,Nathan Gonzales,East Daniel,Charity,"543.908.4807x329"
468,David Castro,Heatherhaven,Shelter,"701.529.8611x3352"
469,Steven Martinez,Johnsonberg,Individual,"(772)398-6224"
470,Edwin Osborne,North Robinville,NGO,"160-605-7945"
471,David Fuentes,North Kimberlyland,NGO,"767.966.0659x378"
472,Brian Hill,Port Dominique,Charity,"001-468-666-0994x3200"
473,Justin Powell,Port Sarah,Shelter,"001-823-112-3947x46965"
474,Christine Lawrence,Bobbyfort,Charity,"(936)378-6017"
475,Kim Gamble,East Ginafort,Individual,"(076)275-8691"
476,Jennifer Baker,Castilloshire,Shelter,"+1-340-509-3899x3380"
477,Jorge Young,Lake Rebeccaton,Shelter,"208.678.3432"
478,Benjamin Wilson,West Aliciaburgh,NGO,"(522)862-6624"
479,Karen Reeves MD,Lake Mitchellbury,NGO,"365-174-3809"
480,Michael Roberson,South Davidstad,NGO,"821.945.1712x4447"
481,Heather Brown,New Michaelport,Shelter,"001-137-622-5038x219"
482,Timothy Garrett,Andersonview,NGO,"9075323328"
483,Emily Sandoval,Port Gregory,Charity,"076-207-0611"
484,Mary Harrington,Port Jason,Shelter,"(773)159-6013x005"
485,Debbie Cox,Christopherchester,Charity,"001-858-989-1478x60960"
486,Ronald Brown,New Dustin,Shelter,"(768)201-4672"
487,Micheal Peterson,West Jeffreyfurt,NGO,"094.330.4095"
488,Patrick Jenkins,West Richard,Charity,"(117)098-8608x39905"
489,Erin Foster,Jessicatown,Charity,"104-981-9543x8798"
490,Tiffany Smith,Port Brandon,NGO,"150.954.1064x502"
491,Molly Edwards,Rodriguezborough,Charity,"3469124779"
492,Julie Lewis,South Steven,NGO,"(557)352-3497x4606"
493,Chelsea Powell,Lake Rachelburgh,Charity,"001-527-059-4168x72504"
494,Timothy Chavez,Brooksmouth,Individual,"(939)046-4362x26066"
495,Andrea Meyer,Christophertown,Individual,"001-579-575-4238x796"
496,Kristina Park,Langburgh,Charity,"001-608-542-0101"
497,Miss Jamie Gonzalez DDS,Proctorville,Charity,"(011)132-1619x1390"
498,Dennis Ford,Port Derekland,Charity,"560-838-8104"
499,Ricky Harmon,Port Chaseport,Individual,"817.399.8610x569"
500,Richard Patterson,Huynhmouth,Charity,"1091960030"
501,William Davila,Gilbertborough,Individual,"632-044-8155"
502,Carly Austin,Connerland,Charity,"588.696.9694x7636"
503,Eileen Scott,Lewismouth,Charity,"(834)331-4178x57771"
504,Michael Williams,Matthewhaven,Shelter,"001-511-204-6271"
505,Alexandra Owens,Bradleyland,NGO,"927.996.1259"
506,Mrs. Kim Blackwell,Port Margaretport,NGO,"(978)017-2536"
507,Destiny Maldonado,Carlosfurt,Charity,"264-754-6432x2877"
508,Kimberly Wilson,Susanville,Individual,"9903662975"
509,Drew Edwards,Huffmouth,Charity,"+1-910-217-0650x58040"
510,Jeremy Christensen,Ashleyborough,Individual,"678-777-3829"
511,Kimberly Cox,Lake Gloria,NGO,"628-904-6503"
512,Anne Stone,Pittsville,Shelter,"(468)482-9531x7575"
513,Dr. Ryan Gilbert,Sarahaven,Individual,"527.386.4611x5297"
514,Ashley Bell,Olsonland,Shelter,"+1-733-905-4924x97502"
515,Misty Downs,Robertview,NGO,"064.359.6470"
516,Gary Myers,Turnerhaven,Shelter,"001-669-919-8102"
517,Taylor Wolfe,New Travisland,Individual,"516.367.4140"
518,Katrina Smith,Stephanieberg,NGO,"577.112.9949x6527"
519,Elizabeth Salazar,Paynestad,Shelter,"(655)147-4123x411"
520,Alexandra Jones,Lisaborough,NGO,"925.839.2741"
521,David Robinson,Carolinebury,NGO,"+1-225-576-9253"
522,Veronica Robinson,East Cynthiahaven,NGO,"(108)881-7279"
523,William Fox,Port Angelafurt,NGO,"228-002-6281"
524,Tiffany Rodriguez,Ramirezhaven,Charity,"+1-976-624-2718x90881"
525,Michael Dixon,Rebeccaview,Charity,"579.632.5450x933"
526,Brian Morales,Darinland,NGO,"409-939-7232x9674"
527,Kelli Fuentes,East Peter,NGO,"001-579-200-2768x448"
528,Alexander Dean,New Robert,Charity,"+1-291-500-3349x3774"
529,Amy Perez,West Jacquelineland,Charity,"001-692-634-3701x202"
530,Lindsay Yates,Diazshire,Individual,"+1-988-586-7568x1040"
531,Alexandra Rogers,Paulaburgh,Charity,"911-326-3274x85954"
532,David Sellers DVM,South Michaelfurt,Individual,"492.321.3443"
533,Joseph Knapp,New Michael,Shelter,"117.096.9114"
534,Megan Miller,Anthonyport,Individual,"252.665.5472"
535,Jane Avila,Christinahaven,Shelter,"0329872893"
536,Margaret Lloyd,Phillipston,Shelter,"+1-551-266-7292x92504"
537,Earl Eaton,Port Michaelport,Shelter,"0764237778"
538,Ronald Norton,Carterton,Individual,"+1-311-060-5846x0735"
539,Jessica Lee,Vasquezberg,NGO,"129.597.1071"
540,Cristina Curtis,East Davidbury,Individual,"504-722-0994"
541,Amy Brown,Shelbyland,NGO,"752.956.3208x04024"
542,Savannah Neal,Ashleeside,Individual,"(750)257-4736x9555"
543,Brenda Green,Jacobmouth,Charity,"001-344-515-4579x388"
544,Matthew Wright,Port Traci,NGO,"001-782-074-4708"
545,Peter Allen,Port Kristinechester,Individual,"+1-487-877-1518"
546,Meagan Hughes,Lake Lance,Charity,"(109)364-9434"
547,James Kennedy,South Donaldshire,Charity,"543.901.8742x48816"
548,Gary Andrews,Gonzalezstad,NGO,"+1-115-368-3340"
549,Trevor Lam,New Alexismouth,NGO,"726-277-0665"
550,Shawn Gibson,South Eric,Individual,"001-268-793-0427x33000"
551,Kyle Vega,West Alexandra,Shelter,"+1-239-355-7045"
552,Jeremiah Jones,Shaneport,NGO,"322.311.4182"
553,Scott Proctor,Adamland,Shelter,"(998)282-2315x7499"
554,Margaret Mccullough,Ortizmouth,Charity,"888-890-3956"
555,Mary Lewis,Port Richard,Individual,"+1-443-680-8966"
556,James Wolfe,Woodsfurt,NGO,"(337)791-7990x5443"
557,Andrea Mcdaniel,Kingville,NGO,"(938)395-0602x60948"
558,Samantha Salinas,Rayberg,Charity,"001-301-396-8153x96235"
559,Randy Martinez,Brownville,Shelter,"001-788-451-1379x961"
560,Matthew Mendez,South Meganland,Shelter,"+1-406-192-3141x20799"
561,Andrea Morris,Hallton,NGO,"(151)391-8350x82191"
562,Antonio Murphy,West Kevin,NGO,"+1-177-564-0300x9110"
563,Brandon Johnson,Randyville,Charity,"150.160.9543x250"
564,Justin Smith,Pottertown,Individual,"+1-588-874-3231"
565,Brian Blankenship,East Jordanborough,Charity,"+1-450-291-6223x9898"
566,Michael Lewis,East Kimberlymouth,Individual,"072-078-1249x988"
567,Peggy Knight,North Michaelville,Shelter,"293-241-7469x5110"
568,Melissa Mclaughlin,Roberttown,Charity,"671-908-7777x08364"
569,Danny Randolph,South Yolanda,Shelter,"029.011.8582"
570,Anthony Cochran,Port Todd,Individual,"+1-960-253-0828x4007"
571,Lydia Phillips,North Hollyland,Shelter,"(704)162-2429"
572,Diana Blair,Murrayside,Shelter,"001-632-774-3398x50003"
573,William Clark,Port Courtneyland,Shelter,"4689527647"
574,Mr. William Hunt,Barreratown,Shelter,"564.854.6978x7462"
575,Jennifer Davila,Hollandburgh,Shelter,"+1-401-371-8447x5866"
576,Justin Lopez,East Stephenton,Individual,"(526)153-8449x436"
577,Thomas Burch,North Lori,Charity,"3908825868"
578,Larry Bradshaw,Lake Cody,NGO,"001-843-597-3151"
579,Nancy Guerrero,South Elizabeth,Individual,"(891)381-7696"
580,Yesenia Solomon,Port Paulaton,Charity,"7765870514"
581,April Mcintosh,North Sherribury,Charity,"925-387-5931x9388"
582,Douglas Cook,Hunterbury,Shelter,"872.454.8537"
583,Sean Henderson,Lake Gregory,NGO,"553.326.4934x118"
584,Austin Vance,Whiteside,Shelter,"(074)087-1962x83029"
585,Mark Lewis,Lisaview,NGO,"+1-894-554-0220x5777"
586,Amy Barker,North Nathanville,Shelter,"001-806-821-3010x5044"
587,Jennifer Clark,Spencermouth,NGO,"+1-862-196-7109x9671"
588,Laurie Alvarez,North Raymond,Shelter,"(463)392-9887x42698"
589,Nicole Williams,West Richard,NGO,"727.771.3700"
590,Terry Fernandez,Mooreburgh,Shelter,"506.052.7523x43392"
591,Susan Clark,Beckville,NGO,"(020)435-7439"
592,Michael Pennington,South Gabrielmouth,Charity,"(905)420-9084"
593,Douglas Mann MD,North Lisaburgh,NGO,"3180399487"
594,Sheri Johnson,North Christopher,Shelter,"253.920.0751"
595,Courtney Whitney,West Mariashire,Individual,"001-528-446-7897"
596,Natalie Navarro,West Carrieberg,Shelter,"001-433-742-6627x972"
597,Willie Nichols,Jonesland,Charity,"001-117-609-7351x313"
598,Alexa Guerra,Ariasbury,NGO,"7691923865"
599,Christopher Davis,South Yvettestad,NGO,"+1-496-952-5072x2056"
600,Bruce Alexander,New Tammyhaven,Individual,"376.501.2938"
601,Peter Gonzalez,Biancaton,Shelter,"(112)578-4601x9811"
602,Paul Carter,Kinghaven,Individual,"(108)002-5301x83445"
603,Christina Caldwell,New Christopherburgh,Shelter,"(457)874-5807x7325"
604,Ashley Hall,Butlerborough,Individual,"+1-547-344-3774"
605,Tara Johnson,East Nathan,NGO,"9017973598"
606,Jenna Bowen,Nicoleside,Shelter,"(682)183-9790x650"
607,Sean Wolf,Mcfarlandhaven,NGO,"(490)913-7034x400"
608,Oscar Bauer,South Nicoleberg,Charity,"001-874-507-6783"
609,Brian Riddle,Jenniferbury,Shelter,"1493189525"
610,Jimmy Morton,New Carrie,Charity,"001-721-348-0570x6158"
611,Jeff Rivas,Mcdanielmouth,Charity,"675.065.4290x4573"
612,Meredith Griffin,Patriciamouth,NGO,"(330)818-7400"
613,Renee Campbell,North Tiffanyfort,Shelter,"199.375.0653x151"
614,Peggy Parker,South Waynefurt,Shelter,"(643)518-3066"
615,Rachel Carson,Robertside,NGO,"001-910-852-2109x575"
616,Christopher Wright,New Kellytown,Shelter,"+1-631-074-8622x827"
617,Justin Lee,Shelleyburgh,Individual,"199.646.5303x65771"
618,Samuel Mendez,Andersonland,Individual,"(064)431-0381"
619,Taylor Estrada,Nguyenview,NGO,"001-351-556-5960x359"
620,Cassandra Foster,West Danielview,Individual,"(283)047-5421x9049"
621,David Jordan,Mendozabury,Individual,"(705)816-8331x096"
622,Gary Torres,Kimberlyview,Charity,"(816)141-2613x8114"
623,Phillip Rogers,Keithstad,Individual,"626.554.6466x12045"
624,Alvin Day Jr.,East Heatherbury,NGO,"722.127.8600"
625,Paul Lee,Stephenchester,NGO,"+1-874-157-5024x3157"
626,Theresa Gonzalez,Port David,Charity,"050.568.6038x358"
627,Beth Chavez,East Nicole,Shelter,"+1-249-991-1004x0285"
628,James Gardner,Morenoborough,NGO,"405.211.3183x136"
629,Andrea Hansen,Lake Mary,NGO,"407.525.5651x8151"
630,Sarah Ochoa,Vancebury,Charity,"9182551669"
631,Diana Fisher,New Daryl,Shelter,"974.391.4500x152"
632,Austin Smith,North Marcusbury,NGO,"219-381-8831x93973"
633,Jay Higgins,Perezhaven,NGO,"880.990.8313"
634,Jessica Watkins,Robertton,Charity,"368.959.4075x9286"
635,Lisa Marshall,Johnville,Charity,"375.423.1187"
636,Devon Burton,Blakehaven,Charity,"907.108.9325x817"
637,Benjamin Soto,West Garretthaven,NGO,"8693958395"
638,Timothy Browning,Moralesfort,Charity,"001-836-247-3024"
639,Jeffrey Vaughan,Cameronfurt,Charity,"129-365-7408x619"
640,Joseph Smith,Anthonystad,NGO,"716-698-3766x7391"
641,Robert Jones,East Antoniobury,Shelter,"001-480-168-1124x978"
642,Sarah Rose,New Ryanmouth,NGO,"247-388-0838x6557"
643,Mary Morrow,Melaniehaven,NGO,"001-995-921-9720x7901"
644,Deanna Brown DDS,Fowlerburgh,Individual,"(695)147-4833"
645,Steven Armstrong,Robertfurt,NGO,"2161559564"
646,Maria Lee,West Juanchester,Individual,"(433)729-7840"
647,Christine Davis,Josephton,Charity,"144.359.7605"
648,Heather Stewart,South Lucasview,NGO,"518-936-4091x169"
649,Cory Schmidt MD,Johnsonville,Individual,"001-915-535-6309x779"
650,Nicholas Peterson,West Troyview,NGO,"001-528-783-1533x9196"
651,Rebecca Mcbride,Port Timothymouth,Charity,"(159)421-4100x43055"
652,Sandy Ward,North Michael,Shelter,"+1-532-646-0437x1719"
653,Jason Garcia,Port Mariemouth,Shelter,"229-688-4610x87983"
654,John Murray,Fernandezberg,Shelter,"001-664-004-0117x5796"
655,Lauren Golden,Michealstad,NGO,"(509)120-3093"
656,Christopher Clark,Port Peggyshire,NGO,"+1-020-961-4423"
657,Patricia Salas,Port Maryshire,Individual,"569.514.7193"
658,Frank Olson,South Anthonyside,Shelter,"001-996-747-5678x5051"
659,Elizabeth Stewart,Kempstad,NGO,"(659)731-0182x7759"
660,James Hernandez II,Kenthaven,Charity,"001-036-235-2960"
661,Robert White,Petersonmouth,Charity,"982.838.9359"
662,Gabriel Harris,Port Shannonhaven,Individual,"(853)034-2142x599"
663,Michael English,Lake Daniel,NGO,"612.320.3740"
664,Joseph Nelson,Phillipston,Individual,"7800327079"
665,Felicia Collier,Toddstad,NGO,"+1-113-202-4089x101"
666,Meredith Hull,Markfurt,NGO,"575-879-8768x33505"
667,Christine Beasley,Jensenland,Individual,"(667)729-4034"
668,Maria Singh,Brandonhaven,NGO,"+1-353-127-1876x477"
669,Karen Cox,Davidland,Charity,"791-759-9054x23904"
670,Amber Hobbs,Rogersfort,NGO,"914.864.5127x8523"
671,Cindy Green PhD,Sharpfurt,NGO,"6744184457"
672,Janice Thornton,Allenmouth,Charity,"(646)735-9177x4671"
673,Shelly Castillo,Chenview,Charity,"001-984-641-2359x15247"
674,Stephen Harris,Port Seanshire,Charity,"+1-163-880-7237x908"
675,Robert Day,Goodmanfort,NGO,"001-284-742-4202x15864"
676,John Williams,Brooksborough,Charity,"(057)537-1761x52273"
677,Joshua Rush,New Mark,Charity,"602-694-4031x226"
678,Joseph Johnson,South Jasminechester,NGO,"412.202.8352x6950"
679,Alexis Rodriguez,South Shirleymouth,Shelter,"(748)827-8108x926"
680,James Lewis,Richardton,NGO,"001-151-287-1850"
681,Becky Hernandez,Jeanshire,Shelter,"001-950-510-9795x700"
682,Paige Lewis,Karenfort,Shelter,"(150)608-5231x697"
683,Mark Williams,Taylorport,NGO,"001-520-963-8410"
684,Kiara Martinez,Ellisborough,Individual,"829-939-8804"
685,Angela Knight,Port Joshua,Individual,"491-330-2377x936"
686,Spencer Roberts,East Sheenahaven,Charity,"074-920-1029x14932"
687,Danny Palmer,North Erikhaven,NGO,"+1-931-315-8378x838"
688,Jeffrey Turner,East Tiffanyview,Charity,"001-321-160-3094x50214"
689,Michael Murphy,Lake Sheilaland,NGO,"+1-887-843-6402x64812"
690,Jeffrey Knight,Wardshire,Individual,"(207)794-8313"
691,Brittany Williams,Christinehaven,Individual,"078.314.8173x43041"
692,Christopher Stokes,Joshuahaven,Individual,"001-305-048-7931x49531"
693,Carl Brewer,Nelsonbury,Individual,"846-764-5157x7104"
694,Rachel Arnold,New James,Shelter,"001-087-674-1329x05614"
695,Janet Newton,West Amandaport,Individual,"930-590-8261"
696,Kellie Hart,Changview,Charity,"+1-235-589-9126x33112"
697,Laura Leach,Davidtown,Charity,"5465940771"
698,Dawn Rodriguez MD,New Shauntown,Charity,"+1-083-624-3293x3668"
699,Sabrina Johnson,East Emily,Charity,"001-552-124-3791"
700,Kimberly Duncan,West Monica,Shelter,"001-851-158-2436x740"
701,Amber Arellano,South Marymouth,NGO,"+1-718-425-8787x628"
702,Rebecca Chan,West Brittany,Charity,"(279)707-3052"
703,Mr. Jonathan Williams,Bruceburgh,Individual,"(606)010-6061"
704,Jason Lowe,Sarahside,NGO,"063.115.0253"
705,Christopher Sellers,East Nathanstad,Charity,"(570)957-6832"
706,Shannon Jensen,Lake Kevinport,Shelter,"001-378-570-1120x234"
707,Jason Martin,New Frederickfort,Charity,"001-501-877-7120x4743"
708,Jacob Mendez,South Jason,Individual,"(818)358-6757"
709,Matthew Sanchez,New Stephanie,Individual,"131.083.4622x013"
710,Eric Carrillo,Nicholsonland,Shelter,"001-905-007-8793x1997"
711,Mark Carroll,Lovestad,Shelter,"+1-762-369-5612x249"
712,Laura Graham,Mercerport,NGO,"096.804.5311x455"
713,Robert Moses,Port Terry,Shelter,"(629)870-5299x9094"
714,Adam Phelps,North Amanda,Individual,"001-586-612-6376"
715,Tyler Christensen,Lake Douglas,Charity,"306-691-2501"
716,Angela Gregory,Lake Tracytown,Individual,"(817)856-6676x112"
717,Jonathon Gregory,Shortfort,Individual,"040-511-7461x377"
718,Matthew Brown,Port Amberfurt,Individual,"785-336-0978"
719,Brian Oneill,East Stephaniefort,NGO,"(423)691-4227"
720,Jeremiah Terry,Nicoleberg,Individual,"+1-095-501-3103x762"
721,Ashley Ramirez,Heatherburgh,Charity,"604-382-3103"
722,Deanna Owens,South Mark,NGO,"(865)410-9397"
723,Lisa Kim,New Brandyhaven,Individual,"+1-465-856-2095"
724,Randall Ford,East Tasha,Shelter,"(072)037-8421x0768"
725,Edward Lopez,New Matthewton,NGO,"683-591-7229"
726,Tammy Brown,Victorton,Shelter,"+1-244-569-1621x3556"
727,Troy Jimenez,Port Marc,Shelter,"829.246.2756x7494"
728,Dustin Stark,Kimberlymouth,Charity,"(716)950-4574x79791"
729,David Spence,Port Curtisside,Charity,"+1-843-006-1807"
730,Felicia Glover,East Michael,Shelter,"982-844-2370"
731,Jacob Scott,South Jenniferburgh,Charity,"001-857-216-8483"
732,Jessica Shields,South Richard,Shelter,"519.092.5018x2511"
733,David Fox,Longmouth,Individual,"001-542-800-4782x916"
734,Amanda Buchanan,Perryton,NGO,"121-718-4571x61884"
735,Kyle Scott,Reedview,Individual,"001-980-204-3107x974"
736,Damon Schmidt,Cummingschester,Charity,"001-695-722-3687x35864"
737,James Brown,Lake Catherine,Shelter,"(152)508-8754x91151"
738,Matthew Morgan,Robertton,Charity,"(535)512-2781"
739,Nancy Jones,West Bradley,Shelter,"806.457.8047x368"
740,Denise Lucas,East Jamesmouth,Charity,"006.775.8489x1702"
741,Amber Burnett,Garciashire,Charity,"901-355-9555"
742,Matthew Webb,West David,Charity,"001-998-341-9445x0465"
743,Nicholas Tucker,Port Samantha,Charity,"(290)071-2070"
744,Matthew Deleon,Danielsview,Individual,"006.940.9278x989"
745,Jose Vance,Lake Heatherberg,NGO,"216.620.7837x2021"
746,Kenneth Barnes,South Lindsay,NGO,"(868)434-0244"
747,Vanessa Johnson,Wilsonshire,Shelter,"(151)347-7079x5528"
748,Bridget Williams,South Williamview,Charity,"001-079-347-2416x344"
749,Michael Craig,Moralesburgh,Individual,"131-489-9950x8143"
750,Levi Lucas,North Vanessamouth,Charity,"095-763-5392x058"
751,Travis Johnson,South Edward,Shelter,"785-640-1614"
752,Cassidy Alvarado,Leahchester,Individual,"+1-825-364-4624"
753,Samantha Potter,Aguilarbury,Charity,"+1-541-434-4196x086"
754,Michael Ford,New Sean,Individual,"389-988-8452"
755,Eugene Beltran,South Samanthaburgh,Shelter,"001-696-616-2431x933"
756,Emma Anderson,Lake Michelle,NGO,"001-369-347-5266"
757,Christopher Garcia,North Danielchester,Charity,"+1-837-555-5633x0883"
758,Jennifer Lucero,South Theresaberg,NGO,"(386)105-5091x35748"
759,Kathleen Watkins,Hardyberg,Shelter,"(435)788-4119x238"
760,Gina Blankenship,Brittanyborough,Shelter,"001-318-721-7199x01418"
761,Douglas Roberts,Deanstad,Shelter,"+1-988-077-7950x039"
762,Donna Chang,East Stevenborough,NGO,"9564962501"
763,Karen Williamson,Sandovalmouth,Shelter,"857-588-4472x78504"
764,Krista Williams,Oliverberg,Shelter,"4814373776"
765,Joshua Hooper,Buchananton,Shelter,"+1-013-463-1430x05130"
766,John Reynolds,Grahambury,Shelter,"001-062-085-9402x6875"
767,Jordan Hart,East Julietown,Shelter,"+1-161-753-6365x946"
768,Mary Wilson,Lake Kimberlyton,Charity,"484-336-3858x53588"
769,John Warner,Cookhaven,Shelter,"+1-003-320-5395"
770,Jacob Gibbs,New Jesus,Charity,"(806)265-1675"
771,Emily Gallagher,Wagnerburgh,Individual,"4916631678"
772,Cassandra Yoder,Danielfurt,Charity,"+1-928-766-0621x673"
773,Hunter Richards,West Victoriaberg,NGO,"001-581-778-1214"
774,Tracy Bass,South Jessicaburgh,NGO,"461-258-4749x956"
775,Thomas Nelson,Donnamouth,Charity,"+1-227-601-8962x271"
776,James Thompson,Ronaldmouth,Shelter,"(121)732-7913x396"
777,Julie Dickerson,Diazbury,Shelter,"383.138.2733x067"
778,Kristie Townsend,Melissaberg,Shelter,"(167)438-9582x45761"
779,James Turner,North Mallorystad,NGO,"+1-700-709-7978x681"
780,Jacqueline Johnson,Jeffreyland,Shelter,"+1-208-657-1423x44884"
781,Jason Taylor,Reginaburgh,NGO,"150-638-0354x9178"
782,Timothy Burns,East Janetstad,Charity,"(262)555-7560"
783,Monica Phillips,New Phillipfurt,Charity,"188-588-9838"
784,Jill Harris,Josephfurt,Shelter,"039-813-7188x11427"
785,Melissa Lee,Brownport,Charity,"(833)194-0479x719"
786,Robert Kim,Port Gabrielleborough,Shelter,"513-156-7998x53487"
787,Rachel Rios,Sarahaven,NGO,"319-104-8885"
788,Beth Phillips,Zacharyview,NGO,"(293)383-2279x8386"
789,Laura Robertson,Hansonfurt,NGO,"616-851-6533x67759"
790,Stephanie Smith,West Carrieport,Charity,"001-028-411-5954x38730"
791,David Kennedy,Port Caleb,Charity,"001-061-612-9715x40982"
792,Tamara Frey,Deanfort,Shelter,"(976)168-5693x615"
793,Renee Anderson,Princehaven,Charity,"040.132.4956"
794,Lee Nunez,Andersonfort,Individual,"468.857.1870x688"
795,Caitlin Cobb,North Andresport,Charity,"+1-968-871-4930"
796,Lisa Carroll,South Jamesfort,NGO,"+1-223-842-8919x643"
797,Robert Becker,Danielland,Charity,"060.756.0612"
798,James Estrada,Westport,Individual,"001-020-450-8542x5607"
799,Adam Moore,East Josephview,Charity,"+1-119-080-3260x81212"
800,Anthony Garcia,Brownbury,Individual,"+1-845-541-9687x513"
801,Samantha Simpson,West Meganmouth,Shelter,"001-030-832-3866x065"
802,Lisa Cruz,Stevenmouth,Charity,"(372)091-7748x36631"
803,Joseph Stafford,Lake Lindseystad,Shelter,"8127825617"
804,Elizabeth Cochran,Theresabury,NGO,"7711350025"
805,Sharon Martin,South Michelleport,Individual,"885.889.2008x8858"
806,James Miller,Lisabury,NGO,"+1-499-819-6868x6637"
807,Taylor Miller,Josephside,NGO,"+1-022-270-5486x316"
808,Pamela Finley,Harrisfurt,Individual,"001-160-542-5380x55508"
809,Karen Cain,East Daisybury,Individual,"506-960-4185x0865"
810,Cody Meyer,Westshire,NGO,"415.147.2095x47370"
811,Scott Schroeder,Markfurt,Shelter,"001-229-042-2531x276"
812,Sabrina Klein MD,Shawhaven,Individual,"071.615.4555x80217"
813,Amber Hale,Comptonside,Individual,"001-750-235-2728"
814,Michael Petersen,Maryside,NGO,"+1-454-301-1932x97038"
815,James Miller,North Dawn,NGO,"001-359-139-7284x11773"
816,Jeremiah Hampton,South Sheryl,Charity,"(837)048-4121"
817,Victoria Torres,Martinchester,Charity,"+1-624-780-9445x7755"
818,Danielle Hayes,Andreaberg,NGO,"1310927379"
819,Christina Lambert,Delgadofort,Shelter,"637.516.9143x5014"
820,Patrick Velasquez,West Jacob,Individual,"606-166-7246x746"
821,Jeffrey Wilson,Davisport,Charity,"001-245-390-7219x847"
822,Aaron Malone,East Mark,Shelter,"+1-803-136-6978x6095"
823,James Rose,East Amandaberg,Shelter,"658-204-7743"
824,Madison Myers,Cruzland,Shelter,"(123)500-8333x8386"
825,Charles Morris,New Olivia,Charity,"(006)107-4825x44414"
826,Mr. Steven Reeves MD,West Jacquelinefort,Individual,"+1-263-739-4608x1451"
827,John Simmons,North Tanner,NGO,"797-388-6145x650"
828,Jason Mcpherson,Michaelside,Shelter,"403.693.4197x409"
829,Mr. Brian Fox,Scottbury,Charity,"(301)316-4760x229"
830,Jeffrey Cooper,Lake Christian,Shelter,"001-877-245-5095"
831,Samantha Ellison,New Kimberly,Individual,"522.437.7292x9078"
832,Kylie Young,Ginaview,Shelter,"9131186244"
833,Kelly Pierce,West Josephland,Shelter,"370.467.1150x479"
834,Renee Flynn,South Mark,Individual,"093.501.8423"
835,Jennifer Wright,Lauratown,Shelter,"(257)556-3261x76228"
836,Scott Craig,South Lisa,Shelter,"118.382.6136"
837,Michelle Reed,West John,Shelter,"1072168815"
838,Jessica Stephens,West Michaelton,Charity,"358-977-8320"
839,Michael Cox,North Kelly,NGO,"001-953-739-5146x845"
840,Mary Anderson,South Mirandamouth,Shelter,"+1-148-126-0133x15456"
841,Brian Reed,Amandaburgh,NGO,"640.564.9498x1956"
842,Robert Stewart,New Laura,Shelter,"873-501-6244x4712"
843,Glenn Anthony,Halltown,Charity,"502-960-7549"
844,Andrew Gray,Lake Dustin,Individual,"(448)005-7192x2140"
845,Adam Horton,Ramosberg,NGO,"364-423-0076x300"
846,Charles Aguilar,Johnsonchester,NGO,"+1-148-261-9107x10033"
847,Wesley Myers,Meganburgh,Shelter,"(285)991-7532x0243"
848,Terrence Wagner,Taraside,Individual,"001-832-246-7583"
849,Kyle Johnson,Ellisshire,Shelter,"001-887-766-6073"
850,Kristopher Mendoza,Bradfurt,Individual,"(678)116-6339x54475"
851,Christina Brown,Wyattton,NGO,"(983)034-7865"
852,Jo Martinez,Port Williamtown,Charity,"+1-264-342-6012x6505"
853,Tanya Lowe,Crawfordchester,Charity,"(677)596-9794"
854,Christopher Diaz,Lorifurt,Individual,"001-442-106-2480x735"
855,Robert Abbott,Collierburgh,NGO,"+1-114-532-8181x037"
856,Amanda Brown,New Larryshire,Individual,"176.330.5060"
857,Jennifer Taylor,Lake Kaylamouth,Individual,"001-024-241-1359"
858,Ashley Harris,Lake Stephenchester,Individual,"001-680-582-4607x74285"
859,Dana Williams,Cookstad,Charity,"5259995693"
860,James Knight,Kirkfort,Charity,"+1-001-504-4343x556"
861,Ashley Clark,Poolebury,NGO,"518.622.6804x900"
862,Justin Martinez,New Erikamouth,Individual,"697-357-7122x04253"
863,Jessica Camacho,Billyland,Individual,"(190)674-9988x688"
864,Justin Anderson,South Craigborough,NGO,"+1-967-629-8865x504"
865,Katherine Houston,Lake Joshuabury,Individual,"(935)420-0196x9064"
866,Jose Cooper,Pooleside,Shelter,"(083)601-2157"
867,Tara Williams,New Dakotahaven,Individual,"7246108348"
868,Kayla Erickson,West Lindseyside,Shelter,"213.752.6967x0263"
869,David Mendoza,North Shawnastad,Charity,"001-517-864-9061x969"
870,Joshua Mendoza,North Amy,Charity,"(842)876-7043x953"
871,Veronica Adams,Natalieside,Individual,"3857123680"
872,Lori Peters,Annaborough,Individual,"270.652.6057x691"
873,Darius Reid,Port Philipmouth,Charity,"(306)939-5162"
874,Danny Brown,East Shirley,Individual,"829.371.2280x79605"
875,Scott Smith,New Donnahaven,Individual,"001-376-965-5711"
876,Jeremy Robinson,Jamesview,NGO,"001-097-198-3229x7777"
877,Jeffrey Stafford,North Nicholasborough,Shelter,"454.460.2468x7969"
878,Cory Johnson,Port Robertmouth,NGO,"(944)311-5766"
879,Bridget Hill,South Emily,Charity,"868-465-2331x6437"
880,Kristen Foster,North Ricardo,Shelter,"749.252.8592"
881,Alan Riley,Tylermouth,NGO,"+1-191-620-2120x274"
882,Steven Shaffer,Rodneyport,Shelter,"(799)793-9460"
883,Aaron Rios,New Jeffreyhaven,NGO,"543-629-4859x81093"
884,Mary Evans,North Josephmouth,Shelter,"248-457-5683"
885,James Hardin,East Robert,Individual,"716.035.6813x982"
886,Amber Cruz,Allenborough,Shelter,"+1-077-073-1734x206"
887,Jean Woods,Fernandezchester,Shelter,"+1-688-546-8304x8077"
888,Matthew Davis,Birdview,Charity,"1367475533"
889,Holly Aguilar,West Sara,NGO,"799.506.2068"
890,Joseph Whitaker,Jamesborough,NGO,"001-059-271-8576"
891,Thomas Myers,North Haleyhaven,Shelter,"579-856-5722"
892,Brian Hardy,Lake Williamhaven,NGO,"(062)642-7542x67155"
893,Carrie Hess,Jarvisshire,Charity,"+1-828-067-9673x188"
894,Tammy Fletcher,New Adrian,Charity,"219-550-2711"
895,Ms. Deborah Campos,West Barry,Individual,"001-579-948-5058"
896,Jennifer Smith,Josephton,Shelter,"179-728-0744"
897,Shelby Rice,New Loriberg,Shelter,"+1-213-470-2112x7474"
898,Emily Ramos,East Michaelview,Shelter,"033-795-7197x362"
899,Rachel Pena,Grossport,NGO,"(523)668-5935x836"
900,Hannah Reynolds,East Kevinberg,Charity,"731-040-5330x77836"
901,Donald Caldwell,Dawsonberg,Shelter,"001-191-071-2217x6177"
902,Michelle Riley,New Juliaton,NGO,"001-012-497-9466x8873"
903,Cindy Robinson DDS,Franklinview,Shelter,"4186239588"
904,Amanda Kline,East Travis,Shelter,"001-265-376-3204x275"
905,Ann Odonnell,East Michael,Charity,"(926)345-7660x29567"
906,Christopher Gonzalez,Payneland,Shelter,"+1-510-241-2999x765"
907,Jamie Jenkins,New Melanie,NGO,"001-676-903-9528x783"
908,Abigail Crawford,Lake Shawn,NGO,"(010)152-8668"
909,Matthew Cordova,Rubioborough,NGO,"001-905-589-8944x09730"
910,Tina Donaldson,Lake Brandibury,Shelter,"736-446-4714"
911,Devon Martinez,Jessicaland,Individual,"(861)258-2469x860"
912,Katelyn Proctor,Williamsborough,Charity,"001-949-271-7461x8101"
913,Jeffrey Jones,Kennethmouth,NGO,"2972292136"
914,Jeffrey Walker,Woodardview,Individual,"0284721603"
915,Deborah Garza,South Alanville,Shelter,"695-589-2656"
916,Lindsey Mathis,Ianland,Shelter,"816.558.5061"
917,Michael Townsend,East Kevin,Shelter,"034.803.8502x33851"
918,Katrina Cruz,Jenkinsfurt,Charity,"709-191-5616x88772"
919,Sarah Brown,North Christina,Shelter,"001-119-880-7367x9899"
920,Gregory Rodriguez,West Davidview,Charity,"671.667.1616"
921,Kelly Walls,Lake Victoriaton,Individual,"857-517-5280"
922,Savannah Holland,Kelleystad,Individual,"4876887575"
923,Victor Diaz,Darinview,Shelter,"561.923.0470x922"
924,Sarah Roberts,North Janetland,Shelter,"001-513-459-3188x9757"
925,Cassidy Davis,West Donaldmouth,Individual,"001-815-359-4471"
926,Kimberly Ware,East Sheriton,Individual,"001-078-266-0266"
927,Mary Escobar,Gloriaview,Individual,"(663)863-6846x9153"
928,Barbara Richards,Carlostown,Charity,"524-811-9365x51761"
929,Donna Terry,Mathistown,Charity,"(104)858-7570"
930,Joseph Smith,Dunnbury,Shelter,"909.913.1799"
931,Rhonda Lewis,South Michael,Individual,"001-068-151-1254x26821"
932,Justin Stevens,South Mary,Charity,"001-756-051-1371x9827"
933,Jodi Lee,West Paulfort,NGO,"3517962649"
934,Dr. Wendy Terrell,Erikashire,Charity,"566-236-8791"
935,John Harris,Riverafort,NGO,"+1-827-545-0294x5697"
936,Jacob Horton,Port Douglasland,NGO,"+1-286-744-5283x04031"
937,Mark Ward,Port Jonathanton,NGO,"0384311430"
938,Matthew Thornton,Hayesfort,NGO,"1084069823"
939,Chad Vaughn,Lake Brandonborough,Charity,"(565)199-2977x36531"
940,Lynn Lucas,Elizabethberg,Charity,"689-129-0146"
941,Jessica Boyd,South Heather,NGO,"001-758-410-5626x844"
942,Earl Hess,Rodneyborough,Charity,"(009)175-1556"
943,Rebecca Lucas,New Jessicabury,Charity,"721.446.3873x3399"
944,Sharon Wood,New Melindashire,Charity,"5282176863"
945,Alex Leon,Caitlynhaven,Individual,"(667)114-0630x55873"
946,Taylor Mann,North Lawrence,Charity,"001-766-748-2534x468"
947,Debra Webster,East Debramouth,Charity,"(930)291-9053x13757"
948,Thomas Castaneda,West Ashleymouth,NGO,"182.504.4729x4296"
949,Allison Pennington,North Lydiaberg,Individual,"+1-586-713-6798"
950,Caitlin Bennett,Delacruzborough,NGO,"(351)050-3132x9588"
951,Brittany Mcclain,Robertville,Individual,"(811)036-2093x7533"
952,Sarah Morgan,Gilbertfurt,Charity,"+1-630-809-8000"
953,Tina Anderson,Port Jonathanhaven,Charity,"102-168-5649"
954,Mark Russell,Nathanstad,NGO,"(381)175-3680"
955,Christopher Wong,Jacquelineshire,Charity,"(745)135-7397"
956,Jacqueline Fernandez,Kennethside,Charity,"+1-573-412-8522x8213"
957,Angela Hall,Greenville,Charity,"2576243615"
958,Scott Brown,Oneillland,Individual,"001-879-448-7571x7987"
959,Samantha Gomez,Suzanneton,Charity,"001-955-495-8534x09912"
960,Jason Hughes,Myerstown,Shelter,"851-627-0395x00955"
961,Tyler Gray,West Dustinberg,NGO,"(374)850-8848"
962,Donald Anderson,North Stephanieborough,Shelter,"+1-224-951-1888x539"
963,Victor Ward,Johnhaven,NGO,"628-048-2026x3385"
964,Donald Moore,Davisfort,Individual,"001-742-164-8768x9906"
965,Ashley Silva,Port Thomas,NGO,"(553)048-3123x8350"
966,Sheila Lang,Lake Larryborough,NGO,"001-585-286-2289"
967,Samantha Sherman,Port Cindyberg,Individual,"(659)277-6748x37772"
968,Mr. Joseph Herring,Mariefurt,Individual,"839.044.2094"
969,Leon Foster,Bennettton,NGO,"198-936-9076"
970,Brandon Rice,South Benjamin,Shelter,"+1-563-122-2255"
971,Teresa Estrada,Mayburgh,Individual,"320-778-4104"
972,Patricia Joseph,Lauraport,Individual,"611-927-6696x43169"
973,Brian Johnson,Patrickfort,NGO,"001-751-479-5501x9929"
974,Mark Miller,North Joshua,NGO,"011.361.1154x694"
975,Danielle Bullock,Amandafurt,Individual,"(888)253-9476x2056"
976,Tammy Patrick,Clarkton,Individual,"001-671-552-9014x817"
977,Pamela Scott,South Paul,Charity,"310-642-0442"
978,Adam Evans,Lake Sonya,Individual,"484-398-0067x44415"
979,Rebecca Wright,Teresastad,Charity,"+1-707-387-4410x419"
980,Elizabeth Fisher,Carrborough,Shelter,"(298)908-3776x9550"
981,Dawn Jennings,Port Cody,Shelter,"085-759-6512x5392"
982,Thomas Villanueva,Gutierrezmouth,NGO,"001-338-603-9644"
983,Joanna Black,North Jacobhaven,NGO,"781.950.5825"
984,Steve Kirby,Travishaven,Charity,"815.195.8711x59256"
985,Thomas Sanchez,Rodneyfurt,NGO,"231.592.1072x512"
986,Rita Kane,South Jamie,Shelter,"+1-347-306-2056"
987,Becky Smith,East Renee,Shelter,"7907087489"
988,Kristi Rodriguez,Nielsenberg,Charity,"349.864.5409x08379"
989,Timothy Bradshaw,North Laura,Individual,"451-260-5312"
990,Patricia Hardy,Thomasport,Shelter,"076.687.3532x03467"
991,Lindsey Wagner,Jessicaburgh,Shelter,"(401)052-7584"
992,James Curry,Port Johnside,Individual,"(223)043-8999x392"
993,Alexis Hayes,Matthewmouth,Shelter,"543-812-0534x6473"
994,Angelica Simmons,Port Kellifort,NGO,"(902)942-8232"
995,Brittany Taylor,Andrewsport,Individual,"296-568-7106x4981"
996,Matthew Curtis,Lanechester,Shelter,"127-889-4442x1289"
997,Amanda Cain,New Steven,NGO,"+1-001-491-5601x5316"
998,Theodore Briggs,South Sandra,Individual,"930-609-9442x5031"
999,Cheyenne Ramsey,Lake Jeffery,NGO,"001-326-320-4816x15300"
1000,April Miller,Shelbychester,Shelter,"894-873-2652x23999"
